run_name,model,train_rows,val_rows,test_rows,val_accuracy,val_macro_f1,test_accuracy,test_macro_f1,test_balanced_accuracy
mlp_20260224_180433,mlp,20370,4364,4368,0.9942713107241063,0.9825409216704681,0.9933608058608059,0.9724492070342032,0.9594106780334943
rf_20260224_180305,rf,20370,4364,4368,0.9949587534372135,0.9743574465571263,0.9940476190476191,0.9698293109924941,0.9933217821201352
logreg_20260224_180327,logreg,20370,4364,4368,0.9605866177818515,0.8567516987985004,0.9587912087912088,0.8557821196495586,0.9708793147166568
logreg_20260224_180422,logreg,20370,4364,4368,0.9608157653528873,0.8573816159316509,0.9585622710622711,0.8547684868785709,0.9707432047397955
